No,Instrument,Side,Price,Alert,Variation,Description
0,KS200400F5.KS,Buy,8.81,,, 
1,KS200400F5.KS,Buy,8.72,,,
2,KS200400F5.KS,Buy,8.90,,,
3,KS200400F5.KS,Sell,8.92,,,
4,KS200400F5.KS,Sell,8.82,,,
5,KS200400F5.KS,Sell,9.00,,,
6,KS200400F5.KS,Buy,9.94,,,
7,KS200400F5.KS,Buy,9.84,,,
8,KS200400F5.KS,Buy,10.10,,,
9,KS200400F5.KS,Sell,9.94,,,
10,KS200400F5.KS,Sell,9.87,,,
11,KS200400F5.KS,Sell,10.20,,,
12,KS200400F5.KS,Buy,10.10,,,
13,KS200400F5.KS,Buy,9.94,,,
14,KS200400F5.KS,Buy,10.06,,,
15,KS200400F5.KS,Sell,10.30,,,
16,KS200400F5.KS,Sell,9.96,,,
17,KS200400F5.KS,Sell,10.70,,,